nid,url,title,logo,core_id,score,rank_display,country,region,stars,guide,rank,name_for_searching_gs,org_id
294654,/universities/university-oxford,University of Oxford,"<img src=""https://www.topuniversities.com/sites/default/files/university-of-oxford_478_small_0.jpg"" alt=""University of Oxford Logo"">",478,97.2,4,United Kingdom,Europe,,"<a href=""/where-to-study/europe/united-kingdom/guide"" class=""guide-link"" target=""_blank"">United Kingdom</a>",4,University+of+Oxford,-1
294432,/universities/eth-zurich-swiss-federal-institute-technology,ETH Zurich - Swiss Federal Institute of Technology,"<img src=""https://www.topuniversities.com/sites/default/files/eth-zurich-swiss-federal-institute-of-technology_201_small_0.jpg"" alt=""ETH Zurich - Swiss Federal Institute of Technology Logo"">",201,95.9,6,Switzerland,Europe,,"<a href=""/where-to-study/europe/switzerland/guide"" class=""guide-link"" target=""_blank"">Switzerland</a>",6,ETH+Zurich+-+Swiss+Federal+Institute+of+Technology,-1
294561,/universities/university-cambridge,University of Cambridge,"<img src=""https://www.topuniversities.com/sites/default/files/university-of-cambridge_95_small_1.jpg"" alt=""University of Cambridge Logo"">",95,95,7,United Kingdom,Europe,,"<a href=""/where-to-study/europe/united-kingdom/guide"" class=""guide-link"" target=""_blank"">United Kingdom</a>",7,University+of+Cambridge,-1
294014,/universities/ucl,UCL,"<img src=""https://www.topuniversities.com/sites/default/files/ucl_592560cf2aeae70239af4bf1_small_0.jpg"" alt=""UCL Logo"">",365,94.8,8,United Kingdom,Europe,,"<a href=""/where-to-study/europe/united-kingdom/guide"" class=""guide-link"" target=""_blank"">United Kingdom</a>",8,UCL,-1
294030,/universities/imperial-college-london,Imperial College London,"<img src=""https://www.topuniversities.com/sites/default/files/imperial-college-london_592560cf2aeae70239af4be8_small_0.jpg"" alt=""Imperial College London Logo"">",356,94.1,9,United Kingdom,Europe,,"<a href=""/where-to-study/europe/united-kingdom/guide"" class=""guide-link"" target=""_blank"">United Kingdom</a>",9,Imperial+College+London,-1
294481,/universities/epfl-ecole-polytechnique-federale-de-lausanne,EPFL - Ecole Polytechnique Federale de Lausanne,"<img src=""https://www.topuniversities.com/sites/default/files/epfl-ecole-polytechnique-federale-de-lausanne_592560cf2aeae70239af4b34_small.jpg"" alt=""EPFL - Ecole Polytechnique Federale de Lausanne Logo"">",177,87.4,18,Switzerland,Europe,,"<a href=""/where-to-study/europe/switzerland/guide"" class=""guide-link"" target=""_blank"">Switzerland</a>",18,EPFL+-+Ecole+Polytechnique+Federale+de+Lausanne,-1
294478,/universities/university-edinburgh,The University of Edinburgh,"<img src=""https://www.topuniversities.com/sites/default/files/the-university-of-edinburgh_180_small_3.jpg"" alt=""The University of Edinburgh Logo"">",180,86.2,20,United Kingdom,Europe,,"<a href=""/where-to-study/europe/united-kingdom/guide"" class=""guide-link"" target=""_blank"">United Kingdom</a>",20,University+of+Edinburgh,-1
294871,/universities/university-manchester,The University of Manchester,"<img src=""https://www.topuniversities.com/sites/default/files/the-university-of-manchester_389_small_3.jpg"" alt=""The University of Manchester Logo"">",389,82.7,27,United Kingdom,Europe,,"<a href=""/where-to-study/europe/united-kingdom/guide"" class=""guide-link"" target=""_blank"">United Kingdom</a>",27,University+of+Manchester,-1
294029,/universities/kings-college-london,King's College London,"<img src=""https://www.topuniversities.com/sites/default/files/kings-college-london_357_small_1.jpg"" alt=""King's College London Logo"">",357,80.5,33,United Kingdom,Europe,,"<a href=""/where-to-study/europe/united-kingdom/guide"" class=""guide-link"" target=""_blank"">United Kingdom</a>",33,King's+College+London,-1
294016,/universities/london-school-economics-political-science-lse,The London School of Economics and Political Science (LSE),"<img src=""https://www.topuniversities.com/sites/default/files/london-school-of-economics-and-political-science-lse_362_small_4.jpg"" alt=""The London School of Economics and Political Science (LSE) Logo"">",362,77,44,United Kingdom,Europe,,"<a href=""/where-to-study/europe/united-kingdom/guide"" class=""guide-link"" target=""_blank"">United Kingdom</a>",44,London+School+of+Economics+and+Political+Science,-1
294587,/universities/university-bristol,University of Bristol,"<img src=""https://www.topuniversities.com/sites/default/files/university-of-bristol_69_small_8.jpg"" alt=""University of Bristol Logo"">",69,74.5,49,United Kingdom,Europe,6,"<a href=""/where-to-study/europe/united-kingdom/guide"" class=""guide-link"" target=""_blank"">United Kingdom</a>",49,University+of+Bristol,-1
294502,/universities/delft-university-technology,Delft University of Technology,"<img src=""https://www.topuniversities.com/sites/default/files/delft-university-of-technology_155_small.jpg"" alt=""Delft University of Technology Logo"">",155,74.2,50,Netherlands,Europe,,"<a href=""/where-to-study/europe/netherlands/guide"" class=""guide-link"" target=""_blank"">Netherlands</a>",50,Delft+University+of+Technology,-1
397503,/universities/universite-psl,Université PSL,"<img src=""https://www.topuniversities.com/sites/default/files/universit-psl_592560e69988f300e2321dfe_small.jpg"" alt=""Université PSL Logo"">",27067,73.4,53,France,Europe,,"<a href=""/where-to-study/europe/france/guide"" class=""guide-link"" target=""_blank"">France</a>",53,Université+PSL,-1
297262,/universities/technical-university-munich,Technical University of Munich,"<img src=""https://www.topuniversities.com/sites/default/files/technical-university-of-munich_599_small.jpg"" alt=""Technical University of Munich Logo"">",599,72.3,55,Germany,Europe,,"<a href=""/where-to-study/europe/germany/guide"" class=""guide-link"" target=""_blank"">Germany</a>",55,Technical+University+of+Munich,-1
294480,/universities/ecole-polytechnique,Ecole Polytechnique,"<img src=""https://www.topuniversities.com/sites/default/files/ecole-polytechnique_178_small_4.jpg"" alt=""Ecole Polytechnique Logo"">",178,70.5,60,France,Europe,,"<a href=""/where-to-study/europe/france/guide"" class=""guide-link"" target=""_blank"">France</a>",60,Ecole+Polytechnique,-1
297197,/universities/university-warwick,The University of Warwick,"<img src=""https://www.topuniversities.com/sites/default/files/the-university-of-warwick_664_small_1.jpg"" alt=""The University of Warwick Logo"">",664,70.4,62,United Kingdom,Europe,,"<a href=""/where-to-study/europe/united-kingdom/guide"" class=""guide-link"" target=""_blank"">United Kingdom</a>",62,University+of+Warwick,-1
294840,/universities/ludwig-maximilians-universitat-munchen,Ludwig-Maximilians-Universität München,"<img src=""https://www.topuniversities.com/sites/default/files/ludwig-maximilians-universitt-mnchen_420_small_0.jpg"" alt=""Ludwig-Maximilians-Universität München Logo"">",420,69.6,63,Germany,Europe,,"<a href=""/where-to-study/europe/germany/guide"" class=""guide-link"" target=""_blank"">Germany</a>",63,Ludwig-Maximilians-Universität+München,-1
297816,/universities/university-amsterdam,University of Amsterdam,"<img src=""https://www.topuniversities.com/sites/default/files/university-of-amsterdam_18_small_11.jpg"" alt=""University of Amsterdam Logo"">",18,69,64,Netherlands,Europe,,"<a href=""/where-to-study/europe/netherlands/guide"" class=""guide-link"" target=""_blank"">Netherlands</a>",64,University+of+Amsterdam,-1
294265,/universities/ruprecht-karls-universitat-heidelberg,Ruprecht-Karls-Universität Heidelberg,"<img src=""https://www.topuniversities.com/sites/default/files/ruprecht-karls-universitaet-heidelberg_259_small.jpg"" alt=""Ruprecht-Karls-Universität Heidelberg Logo"">",259,68.4,66,Germany,Europe,,"<a href=""/where-to-study/europe/germany/guide"" class=""guide-link"" target=""_blank"">Germany</a>",66,Ruprecht-Karls-Universität+Heidelberg,-1
294322,/universities/university-glasgow,University of Glasgow,"<img src=""https://www.topuniversities.com/sites/default/files/university-of-glasgow_231_small.jpg"" alt=""University of Glasgow Logo"">",231,68.2,67,United Kingdom,Europe,6,"<a href=""/where-to-study/europe/united-kingdom/guide"" class=""guide-link"" target=""_blank"">United Kingdom</a>",67,University+of+Glasgow,-1
297126,/universities/university-zurich,University of Zurich,"<img src=""https://www.topuniversities.com/sites/default/files/university-of-zurich_693_small.jpg"" alt=""University of Zurich Logo"">",693,65.8,76,Switzerland,Europe,,"<a href=""/where-to-study/europe/switzerland/guide"" class=""guide-link"" target=""_blank"">Switzerland</a>",76,University+of+Zurich,-1
396462,/universities/sorbonne-university,Sorbonne University,"<img src=""https://www.topuniversities.com/sites/default/files/sorbonne-university_5a6afcfecb4de709397114fe_small_0.jpg"" alt=""Sorbonne University Logo"">",34362,64.9,77,France,Europe,,"<a href=""/where-to-study/europe/france/guide"" class=""guide-link"" target=""_blank"">France</a>",77,Sorbonne+University,-1
297471,/universities/university-sheffield,The University of Sheffield,"<img src=""https://www.topuniversities.com/sites/default/files/the-university-of-sheffield_558_small.jpg"" alt=""The University of Sheffield Logo"">",558,64.2,78,United Kingdom,Europe,,"<a href=""/where-to-study/europe/united-kingdom/guide"" class=""guide-link"" target=""_blank"">United Kingdom</a>",78,University+of+Sheffield,-1
294488,/universities/durham-university,Durham University,"<img src=""https://www.topuniversities.com/sites/default/files/durham-university_170_small.jpg"" alt=""Durham University Logo"">",170,64.2,78,United Kingdom,Europe,,"<a href=""/where-to-study/europe/united-kingdom/guide"" class=""guide-link"" target=""_blank"">United Kingdom</a>",78,Durham+University,-1
294551,/universities/ku-leuven,KU Leuven,"<img src=""https://www.topuniversities.com/sites/default/files/ku-leuven_592560cf2aeae70239af4aec_small_1.jpg"" alt=""KU Leuven Logo"">",105,64.1,80,Belgium,Europe,,"<a href=""/where-to-study/europe/belgium/guide"" class=""guide-link"" target=""_blank"">Belgium</a>",80,KU+Leuven,-1
294597,/universities/university-birmingham,University of Birmingham,"<img src=""https://www.topuniversities.com/sites/default/files/university-of-birmingham_59_small_0.jpg"" alt=""University of Birmingham Logo"">",59,64,81,United Kingdom,Europe,,"<a href=""/where-to-study/europe/united-kingdom/guide"" class=""guide-link"" target=""_blank"">United Kingdom</a>",81,University+of+Birmingham,-1
294516,/universities/university-copenhagen,University of Copenhagen,"<img src=""https://www.topuniversities.com/sites/default/files/university-of-copenhagen_141_small.jpg"" alt=""University of Copenhagen Logo"">",141,63.8,81,Denmark,Europe,,"<a href=""/where-to-study/europe/denmark/guide"" class=""guide-link"" target=""_blank"">Denmark</a>",81,University+of+Copenhagen,-1
294842,/universities/lomonosov-moscow-state-university,Lomonosov Moscow State University,"<img src=""https://www.topuniversities.com/sites/default/files/lomonosov-moscow-state-university-_592560cf2aeae70239af4c27_small_0.jpg"" alt=""Lomonosov Moscow State University Logo"">",418,63.2,84,Russia,Europe,,"<a href=""/where-to-study/europe/russia/guide"" class=""guide-link"" target=""_blank"">Russia</a>",84,Lomonosov+Moscow+State+University,-1
293996,/universities/lund-university,Lund University,"<img src=""https://www.topuniversities.com/sites/default/files/lund-university_371_small_3.jpg"" alt=""Lund University Logo"">",371,61.8,92,Sweden,Europe,,"<a href=""/where-to-study/europe/sweden/guide"" class=""guide-link"" target=""_blank"">Sweden</a>",92,Lund+University,-1
294081,/universities/university-leeds,University of Leeds,"<img src=""https://www.topuniversities.com/sites/default/files/university-of-leeds_338_small.jpg"" alt=""University of Leeds Logo"">",338,61.7,93,United Kingdom,Europe,,"<a href=""/where-to-study/europe/united-kingdom/guide"" class=""guide-link"" target=""_blank"">United Kingdom</a>",93,University+of+Leeds,-1
294758,/universities/university-nottingham,University of Nottingham,"<img src=""https://www.topuniversities.com/sites/default/files/the-university-of-nottingham_592560cf2aeae70239af4c4e_small.jpg"" alt=""University of Nottingham Logo"">",459,60.8,96,United Kingdom,Europe,,"<a href=""/where-to-study/europe/united-kingdom/guide"" class=""guide-link"" target=""_blank"">United Kingdom</a>",96,University+of+Nottingham,-1
297288,/universities/university-southampton,University of Southampton,"<img src=""https://www.topuniversities.com/sites/default/files/university-of-southampton_567_small_1.jpg"" alt=""University of Southampton Logo"">",567,60.6,97,United Kingdom,Europe,,"<a href=""/where-to-study/europe/united-kingdom/guide"" class=""guide-link"" target=""_blank"">United Kingdom</a>",97,University+of+Southampton,-1
297484,/universities/kth-royal-institute-technology,KTH Royal Institute of Technology,"<img src=""https://www.topuniversities.com/sites/default/files/kth-royal-institute-of-technology-_592560cf2aeae70239af4c9b_small_3.jpg"" alt=""KTH Royal Institute of Technology Logo"">",535,60.5,98,Sweden,Europe,,"<a href=""/where-to-study/europe/sweden/guide"" class=""guide-link"" target=""_blank"">Sweden</a>",98,KTH+Royal+Institute+of+Technology,-1
297285,/universities/university-st-andrews,University of St Andrews,"<img src=""https://www.topuniversities.com/sites/default/files/university-of-st-andrews_570_small_0.jpg"" alt=""University of St Andrews Logo"">",570,59.9,100,United Kingdom,Europe,,"<a href=""/where-to-study/europe/united-kingdom/guide"" class=""guide-link"" target=""_blank"">United Kingdom</a>",100,University+of+St+Andrews,-1
294476,/universities/eindhoven-university-technology,Eindhoven University of Technology,"<img src=""https://www.topuniversities.com/sites/default/files/eindhoven-university-of-technology_182_small.jpg"" alt=""Eindhoven University of Technology Logo"">",182,58.9,102,Netherlands,Europe,,"<a href=""/where-to-study/europe/netherlands/guide"" class=""guide-link"" target=""_blank"">Netherlands</a>",102,Eindhoven+University+of+Technology,-1
294264,/universities/university-helsinki,University of Helsinki,"<img src=""https://www.topuniversities.com/sites/default/files/university-of-helsinki_260_small_2.jpg"" alt=""University of Helsinki Logo"">",260,58.4,107,Finland,Europe,,"<a href=""/where-to-study/europe/finland/guide"" class=""guide-link"" target=""_blank"">Finland</a>",107,University+of+Helsinki,-1
294491,/universities/trinity-college-dublin-university-dublin,"Trinity College Dublin, The University of Dublin","<img src=""https://www.topuniversities.com/sites/default/files/trinity-college-dublin-the-university-of-dublin_167_small.jpg"" alt=""Trinity College Dublin, The University of Dublin Logo"">",167,58.3,108,Ireland,Europe,,"<a href=""/where-to-study/europe/ireland/guide"" class=""guide-link"" target=""_blank"">Ireland</a>",108,"Trinity+College+Dublin,+The+University+of+Dublin",-1
294362,/universities/university-geneva,University of Geneva,"<img src=""https://www.topuniversities.com/sites/default/files/university-of-geneva_221_small.jpg"" alt=""University of Geneva Logo"">",221,58.1,110,Switzerland,Europe,,"<a href=""/where-to-study/europe/switzerland/guide"" class=""guide-link"" target=""_blank"">Switzerland</a>",110,University+of+Geneva,-1
297264,/universities/technical-university-denmark,Technical University of Denmark,"<img src=""https://www.topuniversities.com/sites/default/files/technical-university-of-denmark_592560cf2aeae70239af4cd8_small_6.jpg"" alt=""Technical University of Denmark Logo"">",597,57.4,112,Denmark,Europe,,"<a href=""/where-to-study/europe/denmark/guide"" class=""guide-link"" target=""_blank"">Denmark</a>",112,Technical+University+of+Denmark,-1
294293,/universities/university-groningen,University of Groningen,"<img src=""https://www.topuniversities.com/sites/default/files/university-of-groningen_243_small_0.jpg"" alt=""University of Groningen Logo"">",243,56.1,114,Netherlands,Europe,,"<a href=""/where-to-study/europe/netherlands/guide"" class=""guide-link"" target=""_blank"">Netherlands</a>",114,University+of+Groningen,-1
297218,/universities/uppsala-university,Uppsala University,"<img src=""https://www.topuniversities.com/sites/default/files/uppsala-university_643_small.jpg"" alt=""Uppsala University Logo"">",643,55.5,116,Sweden,Europe,,"<a href=""/where-to-study/europe/sweden/guide"" class=""guide-link"" target=""_blank"">Sweden</a>",116,Uppsala+University,-1
294071,/universities/leiden-university,Leiden University,"<img src=""https://www.topuniversities.com/sites/default/files/leiden-university_340_small_7.jpg"" alt=""Leiden University Logo"">",340,55.4,118,Netherlands,Europe,,"<a href=""/where-to-study/europe/netherlands/guide"" class=""guide-link"" target=""_blank"">Netherlands</a>",118,Leiden+University,-1
297620,/universities/university-oslo,University of Oslo,"<img src=""https://www.topuniversities.com/sites/default/files/university-of-oslo_473_small.jpg"" alt=""University of Oslo Logo"">",473,54.7,119,Norway,Europe,,"<a href=""/where-to-study/europe/norway/guide"" class=""guide-link"" target=""_blank"">Norway</a>",119,University+of+Oslo,-1
294252,/universities/humboldt-universitat-zu-berlin,Humboldt-Universität zu Berlin,"<img src=""https://www.topuniversities.com/sites/default/files/humboldt-universitt-zu-berlin_272_small.jpg"" alt=""Humboldt-Universität zu Berlin Logo"">",272,54.5,120,Germany,Europe,,"<a href=""/where-to-study/europe/germany/guide"" class=""guide-link"" target=""_blank"">Germany</a>",120,Humboldt-Universität+zu+Berlin,-1
297215,/universities/utrecht-university,Utrecht University,"<img src=""https://www.topuniversities.com/sites/default/files/utrecht-university_646_small_0.jpg"" alt=""Utrecht University Logo"">",646,54.5,120,Netherlands,Europe,,"<a href=""/where-to-study/europe/netherlands/guide"" class=""guide-link"" target=""_blank"">Netherlands</a>",120,Utrecht+University,-1
294601,/universities/university-bern,University of Bern,"<img src=""https://www.topuniversities.com/sites/default/files/university-of-bern_55_small_0.jpg"" alt=""University of Bern Logo"">",55,54.3,123,Switzerland,Europe,,"<a href=""/where-to-study/europe/switzerland/guide"" class=""guide-link"" target=""_blank"">Switzerland</a>",123,University+of+Bern,-1
294164,/universities/kit-karlsruhe-institute-technology,"KIT, Karlsruhe Institute of Technology","<img src=""https://www.topuniversities.com/sites/default/files/kit-karlsruhe-institute-of-technology_310_small_0.jpg"" alt=""KIT, Karlsruhe Institute of Technology Logo"">",310,54.2,124,Germany,Europe,,"<a href=""/where-to-study/europe/germany/guide"" class=""guide-link"" target=""_blank"">Germany</a>",124,"KIT,+Karlsruhe+Institute+of+Technology",-1
294540,/universities/chalmers-university-technology,Chalmers University of Technology,"<img src=""https://www.topuniversities.com/sites/default/files/chalmers-university-of-technology_592560cf2aeae70239af4af7_small_6.jpg"" alt=""Chalmers University of Technology Logo"">",116,54.0,125,Sweden,Europe,,"<a href=""/where-to-study/europe/sweden/guide"" class=""guide-link"" target=""_blank"">Sweden</a>",125,Chalmers+University+of+Technology,-1
297202,/universities/wageningen-university-research,Wageningen University & Research,"<img src=""https://www.topuniversities.com/sites/default/files/wageningen-university_659_small_0.jpg"" alt=""Wageningen University & Research Logo"">",659,54,125,Netherlands,Europe,,"<a href=""/where-to-study/europe/netherlands/guide"" class=""guide-link"" target=""_blank"">Netherlands</a>",125,Wageningen+University+&+Research,-1
294022,/universities/queen-mary-university-london,Queen Mary University of London,"<img src=""https://www.topuniversities.com/sites/default/files/queen-mary-university-of-london_359_small.jpg"" alt=""Queen Mary University of London Logo"">",359,53.9,126,United Kingdom,Europe,,"<a href=""/where-to-study/europe/united-kingdom/guide"" class=""guide-link"" target=""_blank"">United Kingdom</a>",126,Queen+Mary+University+of+London,-1
294090,/universities/lancaster-university,Lancaster University,"<img src=""https://www.topuniversities.com/sites/default/files/lancaster-university_335_small.jpg"" alt=""Lancaster University Logo"">",335,53.2,128,United Kingdom,Europe,,"<a href=""/where-to-study/europe/united-kingdom/guide"" class=""guide-link"" target=""_blank"">United Kingdom</a>",128,Lancaster+University,-1
294382,/universities/freie-universitaet-berlin,Freie Universitaet Berlin,"<img src=""https://www.topuniversities.com/sites/default/files/freie-universitaet-berlin_215_small.jpg"" alt=""Freie Universitaet Berlin Logo"">",215,53,130,Germany,Europe,,"<a href=""/where-to-study/europe/germany/guide"" class=""guide-link"" target=""_blank"">Germany</a>",130,Freie+Universitaet+Berlin,-1
294329,/universities/ghent-university,Ghent University,"<img src=""https://www.topuniversities.com/sites/default/files/ghent-university_228_small.jpg"" alt=""Ghent University Logo"">",228,53,130,Belgium,Europe,,"<a href=""/where-to-study/europe/belgium/guide"" class=""guide-link"" target=""_blank"">Belgium</a>",130,Ghent+University,-1
294263,/universities/aalto-university,Aalto University,"<img src=""https://www.topuniversities.com/sites/default/files/aalto-university_261_small.jpg"" alt=""Aalto University Logo"">",261,52.4,134,Finland,Europe,,"<a href=""/where-to-study/europe/finland/guide"" class=""guide-link"" target=""_blank"">Finland</a>",134,Aalto+University,-1
294649,/universities/rwth-aachen-university,RWTH Aachen University,"<img src=""https://www.topuniversities.com/sites/default/files/rwth-aachen-university_4_small_0.jpg"" alt=""RWTH Aachen University Logo"">",4,51.9,138,Germany,Europe,,"<a href=""/where-to-study/europe/germany/guide"" class=""guide-link"" target=""_blank"">Germany</a>",138,RWTH+Aachen+University,-1
294485,/universities/centralesupelec,CentraleSupélec,"<img src=""https://www.topuniversities.com/sites/default/files/centralesuplec_173_small.jpg"" alt=""CentraleSupélec Logo"">",173,51.4,139,France,Europe,,"<a href=""/where-to-study/europe/france/guide"" class=""guide-link"" target=""_blank"">France</a>",139,CentraleSupélec,-1
294648,/universities/aarhus-university,Aarhus University,"<img src=""https://www.topuniversities.com/sites/default/files/aarhus-university_6_small_1.jpeg"" alt=""Aarhus University Logo"">",6,51,145,Denmark,Europe,,"<a href=""/where-to-study/europe/denmark/guide"" class=""guide-link"" target=""_blank"">Denmark</a>",145,Aarhus+University,-1
294781,/universities/newcastle-university,Newcastle University,"<img src=""https://www.topuniversities.com/sites/default/files/newcastle-university_592560cf2aeae70239af4c45_small_0.jpg"" alt=""Newcastle University Logo"">",450,50.9,146,United Kingdom,Europe,6,"<a href=""/where-to-study/europe/united-kingdom/guide"" class=""guide-link"" target=""_blank"">United Kingdom</a>",146,Newcastle+University,-1
297266,/universities/technische-universitat-berlin-tu-berlin,Technische Universität Berlin (TU Berlin),"<img src=""https://www.topuniversities.com/sites/default/files/technische-universitt-berlin-tu-berlin_595_small_0.jpg"" alt=""Technische Universität Berlin (TU Berlin) Logo"">",595,50.6,147,Germany,Europe,,"<a href=""/where-to-study/europe/germany/guide"" class=""guide-link"" target=""_blank"">Germany</a>",147,Technische+Universität+Berlin,-1
297128,/universities/university-york,University of York,"<img src=""https://www.topuniversities.com/sites/default/files/university-of-york_689_small_0.jpg"" alt=""University of York Logo"">",689,50.5,148,United Kingdom,Europe,,"<a href=""/where-to-study/europe/united-kingdom/guide"" class=""guide-link"" target=""_blank"">United Kingdom</a>",148,University+of+York,-1
294853,/universities/politecnico-di-milano,Politecnico di Milano,"<img src=""https://www.topuniversities.com/sites/default/files/politecnico-di-milano_592560cf2aeae70239af4c1c_small_1.jpg"" alt=""Politecnico di Milano Logo"">",407,50.4,149,Italy,Europe,,"<a href=""/where-to-study/europe/italy/guide"" class=""guide-link"" target=""_blank"">Italy</a>",149,Politecnico+di+Milano,-1
294610,/universities/university-basel,University of Basel,"<img src=""https://www.topuniversities.com/sites/default/files/university-of-basel_46_small.jpg"" alt=""University of Basel Logo"">",46,50,151,Switzerland,Europe,,"<a href=""/where-to-study/europe/switzerland/guide"" class=""guide-link"" target=""_blank"">Switzerland</a>",151,University+of+Basel,-1
294085,/universities/university-lausanne,University of Lausanne,"<img src=""https://www.topuniversities.com/sites/default/files/university-of-lausanne_592560cf2aeae70239af4bd3_small.jpg"" alt=""University of Lausanne Logo"">",336,49.2,153,Switzerland,Europe,,"<a href=""/where-to-study/europe/switzerland/guide"" class=""guide-link"" target=""_blank"">Switzerland</a>",153,University+of+Lausanne,-1
294557,/universities/cardiff-university,Cardiff University,"<img src=""https://www.topuniversities.com/sites/default/files/cardiff-university_592560cf2aeae70239af4ae6_small.jpg"" alt=""Cardiff University Logo"">",99,49,154,United Kingdom,Europe,,"<a href=""/where-to-study/europe/united-kingdom/guide"" class=""guide-link"" target=""_blank"">United Kingdom</a>",154,Cardiff+University,-1
297209,/universities/university-vienna,University of Vienna,"<img src=""https://www.topuniversities.com/sites/default/files/university-of-vienna_652_small.jpg"" alt=""University of Vienna Logo"">",652,49,154,Austria,Europe,,"<a href=""/where-to-study/europe/austria/guide"" class=""guide-link"" target=""_blank"">Austria</a>",154,University+of+Vienna,-1
294483,/universities/ecole-normale-superieure-de-lyon,École Normale Supérieure de Lyon,"<img src=""https://www.topuniversities.com/sites/default/files/cole-normale-suprieure-de-lyon_175_small.jpg"" alt=""École Normale Supérieure de Lyon Logo"">",175,48.3,160,France,Europe,,"<a href=""/where-to-study/europe/france/guide"" class=""guide-link"" target=""_blank"">France</a>",160,École+Normale+Supérieure+de+Lyon,-1
294603,/universities/university-bergen,University of Bergen,"<img src=""https://www.topuniversities.com/sites/default/files/university-of-bergen_53_small.jpg"" alt=""University of Bergen Logo"">",53,48.1,163,Norway,Europe,,"<a href=""/where-to-study/europe/norway/guide"" class=""guide-link"" target=""_blank"">Norway</a>",163,University+of+Bergen,-1
294427,/universities/university-exeter,The University of Exeter,"<img src=""https://www.topuniversities.com/sites/default/files/the-university-of-exeter_204_small_1.jpg"" alt=""The University of Exeter Logo"">",204,48.1,163,United Kingdom,Europe,5,"<a href=""/where-to-study/europe/united-kingdom/guide"" class=""guide-link"" target=""_blank"">United Kingdom</a>",163,University+of+Exeter,-1
294613,/universities/universitat-de-barcelona,Universitat de Barcelona,"<img src=""https://www.topuniversities.com/sites/default/files/university-of-barcelona_592560cf2aeae70239af4aaf_small_2.jpg"" alt=""Universitat de Barcelona Logo"">",43,47.9,165,Spain,Europe,,"<a href=""/where-to-study/europe/spain/guide"" class=""guide-link"" target=""_blank"">Spain</a>",165,Universitat+de+Barcelona,-1
294550,/universities/universite-catholique-de-louvain-uclouvain,Université catholique de Louvain (UCLouvain),"<img src=""https://www.topuniversities.com/sites/default/files/universit-catholique-de-louvain-uclouvain_592560cf2aeae70239af4aed_small.jpg"" alt=""Université catholique de Louvain (UCLouvain) Logo"">",106,47.7,167,Belgium,Europe,,"<a href=""/where-to-study/europe/belgium/guide"" class=""guide-link"" target=""_blank"">Belgium</a>",167,Université+catholique+de+Louvain,-1
297232,/universities/eberhard-karls-universitat-tubingen,Eberhard Karls Universität Tübingen,"<img src=""https://www.topuniversities.com/sites/default/files/eberhard-karls-universitt-tbingen_629_small.jpg"" alt=""Eberhard Karls Universität Tübingen Logo"">",629,47.3,169,Germany,Europe,,"<a href=""/where-to-study/europe/germany/guide"" class=""guide-link"" target=""_blank"">Germany</a>",169,Eberhard+Karls+Universität+Tübingen,-1
294376,/universities/albert-ludwigs-universitaet-freiburg,Albert-Ludwigs-Universitaet Freiburg,"<img src=""https://www.topuniversities.com/sites/default/files/albert-ludwigs-universitaet-freiburg_216_small.jpg"" alt=""Albert-Ludwigs-Universitaet Freiburg Logo"">",216,47.3,169,Germany,Europe,,"<a href=""/where-to-study/europe/germany/guide"" class=""guide-link"" target=""_blank"">Germany</a>",169,Albert-Ludwigs-Universitaet+Freiburg,-1
294609,/universities/university-bath,University of Bath,"<img src=""https://www.topuniversities.com/sites/default/files/university-of-bath_47_small_1.jpg"" alt=""University of Bath Logo"">",47,47,172,United Kingdom,Europe,,"<a href=""/where-to-study/europe/united-kingdom/guide"" class=""guide-link"" target=""_blank"">United Kingdom</a>",172,University+of+Bath,-1
297461,/universities/queens-university-belfast,Queen's University Belfast,"<img src=""https://www.topuniversities.com/sites/default/files/queens-university-belfast_592560cf2aeae70239af4c86_small_7.jpg"" alt=""Queen's University Belfast Logo"">",514,46.8,173,United Kingdom,Europe,,"<a href=""/where-to-study/europe/united-kingdom/guide"" class=""guide-link"" target=""_blank"">United Kingdom</a>",173,Queen's+University+Belfast,-1
297078,/universities/santanna-scuola-universitaria-superiore-pisa,Sant'Anna - Scuola Universitaria Superiore Pisa,"<img src=""https://www.topuniversities.com/sites/default/files/santanna-scuola-universitaria-superiore-pisa_592560cf2aeae70239af4d74_small.jpg"" alt=""Sant'Anna - Scuola Universitaria Superiore Pisa Logo"">",751,46.6,177,Italy,Europe,,"<a href=""/where-to-study/europe/italy/guide"" class=""guide-link"" target=""_blank"">Italy</a>",177,Sant'Anna+-+Scuola+Universitaria+Superiore+Pisa,-1
294595,/universities/alma-mater-studiorum-university-bologna,Alma Mater Studiorum - University of Bologna,"<img src=""https://www.topuniversities.com/sites/default/files/alma-mater-studiorum-university-of-bologna_592560cf2aeae70239af4ac0_small_4.jpg"" alt=""Alma Mater Studiorum - University of Bologna Logo"">",61,46.6,177,Italy,Europe,,"<a href=""/where-to-study/europe/italy/guide"" class=""guide-link"" target=""_blank"">Italy</a>",177,Alma+Mater+Studiorum+-+University+of+Bologna,-1
297263,/universities/technische-universitat-dresden,Technische Universität Dresden,"<img src=""https://www.topuniversities.com/sites/default/files/technische-universitt-dresden_598_small.jpg"" alt=""Technische Universität Dresden Logo"">",598,46.4,179,Germany,Europe,,"<a href=""/where-to-study/europe/germany/guide"" class=""guide-link"" target=""_blank"">Germany</a>",179,Technische+Universität+Dresden,-1
294045,/universities/university-liverpool,University of Liverpool,"<img src=""https://www.topuniversities.com/sites/default/files/university-of-liverpool_350_small.jpg"" alt=""University of Liverpool Logo"">",350,46.3,181,United Kingdom,Europe,,"<a href=""/where-to-study/europe/united-kingdom/guide"" class=""guide-link"" target=""_blank"">United Kingdom</a>",181,University+of+Liverpool,-1
294457,/universities/erasmus-university-rotterdam,Erasmus University Rotterdam,"<img src=""https://www.topuniversities.com/sites/default/files/erasmus-university-rotterdam_190_small_4.jpg"" alt=""Erasmus University Rotterdam Logo"">",190,46.1,183,Netherlands,Europe,,"<a href=""/where-to-study/europe/netherlands/guide"" class=""guide-link"" target=""_blank"">Netherlands</a>",183,Erasmus+University+Rotterdam,-1
294492,/universities/university-college-dublin,University College Dublin,"<img src=""https://www.topuniversities.com/sites/default/files/university-college-dublin_166_small_5.jpg"" alt=""University College Dublin Logo"">",166,45.6,185,Ireland,Europe,,"<a href=""/where-to-study/europe/ireland/guide"" class=""guide-link"" target=""_blank"">Ireland</a>",185,University+College+Dublin,-1
297226,/universities/university-twente,University of Twente,"<img src=""https://www.topuniversities.com/sites/default/files/university-of-twente_635_small_2.jpg"" alt=""University of Twente Logo"">",635,45.2,186,Netherlands,Europe,,"<a href=""/where-to-study/europe/netherlands/guide"" class=""guide-link"" target=""_blank"">Netherlands</a>",186,University+of+Twente,-1
294612,/universities/universitat-autonoma-de-barcelona,Universitat Autònoma de Barcelona,"<img src=""https://www.topuniversities.com/sites/default/files/universitat-autnoma-de-barcelona_592560cf2aeae70239af4ab0_small_3.jpg"" alt=""Universitat Autònoma de Barcelona Logo"">",44,45.1,188,Spain,Europe,,"<a href=""/where-to-study/europe/spain/guide"" class=""guide-link"" target=""_blank"">Spain</a>",188,Universitat+Autònoma+de+Barcelona,-1
297278,/universities/stockholm-university,Stockholm University,"<img src=""https://www.topuniversities.com/sites/default/files/stockholm-university_577_small.jpg"" alt=""Stockholm University Logo"">",577,44.8,191,Sweden,Europe,,"<a href=""/where-to-study/europe/sweden/guide"" class=""guide-link"" target=""_blank"">Sweden</a>",191,Stockholm+University,-1
293977,/universities/universidad-autonoma-de-madrid,Universidad Autónoma de Madrid,"<img src=""https://www.topuniversities.com/sites/default/files/universidad-autnoma-de-madrid_379_small_0.jpg"" alt=""Universidad Autónoma de Madrid Logo"">",379,44.7,192,Spain,Europe,,"<a href=""/where-to-study/europe/spain/guide"" class=""guide-link"" target=""_blank"">Spain</a>",192,Universidad+Autónoma+de+Madrid,-1
297208,/universities/vienna-university-technology,Vienna University of Technology,"<img src=""https://www.topuniversities.com/sites/default/files/vienna-university-of-technology_653_small.jpg"" alt=""Vienna University of Technology Logo"">",653,44.7,192,Austria,Europe,,"<a href=""/where-to-study/europe/austria/guide"" class=""guide-link"" target=""_blank"">Austria</a>",192,Vienna+University+of+Technology,-1
294647,/universities/university-aberdeen,University of Aberdeen,"<img src=""https://www.topuniversities.com/sites/default/files/university-of-aberdeen_592560cf2aeae70239af4a8b_small.jpg"" alt=""University of Aberdeen Logo"">",7,44.6,194,United Kingdom,Europe,,"<a href=""/where-to-study/europe/united-kingdom/guide"" class=""guide-link"" target=""_blank"">United Kingdom</a>",194,University+of+Aberdeen,-1
294582,/universities/vrije-universiteit-brussel-vub,Vrije Universiteit Brussel (VUB),"<img src=""https://www.topuniversities.com/sites/default/files/vrije-universiteit-brussel-vub_74_small.jpg"" alt=""Vrije Universiteit Brussel (VUB) Logo"">",74,44.5,195,Belgium,Europe,,"<a href=""/where-to-study/europe/belgium/guide"" class=""guide-link"" target=""_blank"">Belgium</a>",195,Vrije+Universiteit+Brussel,-1
294311,/universities/university-gottingen,University of Göttingen,"<img src=""https://www.topuniversities.com/sites/default/files/university-of-gttingen_234_small.jpg"" alt=""University of Göttingen Logo"">",234,44.2,197,Germany,Europe,,"<a href=""/where-to-study/europe/germany/guide"" class=""guide-link"" target=""_blank"">Germany</a>",197,University+of+Göttingen,-1
297489,/universities/sapienza-university-rome,Sapienza University of Rome,"<img src=""https://www.topuniversities.com/sites/default/files/sapienza-university-of-rome_532_small.jpg"" alt=""Sapienza University of Rome Logo"">",532,43.5,203,Italy,Europe,,"<a href=""/where-to-study/europe/italy/guide"" class=""guide-link"" target=""_blank"">Italy</a>",203,Sapienza+University+of+Rome,-1
295576,/universities/scuola-normale-superiore-di-pisa,Scuola Normale Superiore di Pisa,"<img src=""https://www.topuniversities.com/sites/default/files/scuola-normale-superiore-di-pisa_25824_small.jpg"" alt=""Scuola Normale Superiore di Pisa Logo"">",25824,43.4,204,Italy,Europe,,"<a href=""/where-to-study/europe/italy/guide"" class=""guide-link"" target=""_blank"">Italy</a>",204,Scuola+Normale+Superiore+di+Pisa,-1
297458,/universities/university-reading,University of Reading,"<img src=""https://www.topuniversities.com/sites/default/files/university-of-reading_517_small_1.jpg"" alt=""University of Reading Logo"">",517,43.3,205,United Kingdom,Europe,,"<a href=""/where-to-study/europe/united-kingdom/guide"" class=""guide-link"" target=""_blank"">United Kingdom</a>",205,University+of+Reading,-1
294880,/universities/complutense-university-madrid,Complutense University of Madrid,"<img src=""https://www.topuniversities.com/sites/default/files/complutense-university-of-madrid_592560cf2aeae70239af4bff_small_1.jpg"" alt=""Complutense University of Madrid Logo"">",380,42.7,212,Spain,Europe,,"<a href=""/where-to-study/europe/spain/guide"" class=""guide-link"" target=""_blank"">Spain</a>",212,Complutense+University+of+Madrid,-1
294777,/universities/radboud-university,Radboud University,"<img src=""https://www.topuniversities.com/sites/default/files/radboud-university_452_small_5.jpg"" alt=""Radboud University Logo"">",452,41.4,217,Netherlands,Europe,,"<a href=""/where-to-study/europe/netherlands/guide"" class=""guide-link"" target=""_blank"">Netherlands</a>",217,Radboud+University,-1
297203,/universities/vrije-universiteit-amsterdam,Vrije Universiteit Amsterdam,"<img src=""https://www.topuniversities.com/sites/default/files/vrije-universiteit-amsterdam_658_small_6.jpg"" alt=""Vrije Universiteit Amsterdam Logo"">",658,41.3,219,Netherlands,Europe,,"<a href=""/where-to-study/europe/netherlands/guide"" class=""guide-link"" target=""_blank"">Netherlands</a>",219,Vrije+Universiteit+Amsterdam,-1
294009,/universities/loughborough-university,Loughborough University,"<img src=""https://www.topuniversities.com/sites/default/files/loughborough-university_592560cf2aeae70239af4bf3_small_0.jpg"" alt=""Loughborough University Logo"">",368,41.2,222,United Kingdom,Europe,6,"<a href=""/where-to-study/europe/united-kingdom/guide"" class=""guide-link"" target=""_blank"">United Kingdom</a>",222,Loughborough+University,-1
294634,/universities/university-antwerp,University of Antwerp,"<img src=""https://www.topuniversities.com/sites/default/files/university-of-antwerp_21_small.jpg"" alt=""University of Antwerp Logo"">",21,40.9,223,Belgium,Europe,,"<a href=""/where-to-study/europe/belgium/guide"" class=""guide-link"" target=""_blank"">Belgium</a>",223,University+of+Antwerp,-1
293305,/universities/telecom-paristech,TELECOM ParisTech,"<img src=""https://www.topuniversities.com/sites/default/files/telecom-paristech_592560cf2aeae70239af543f_small.jpg"" alt=""TELECOM ParisTech Logo"">",2492,40.7,224,France,Europe,,"<a href=""/where-to-study/europe/france/guide"" class=""guide-link"" target=""_blank"">France</a>",224,TELECOM+ParisTech,-1
294282,/universities/universitat-hamburg,Universität Hamburg,"<img src=""https://www.topuniversities.com/sites/default/files/universitt-hamburg_592560cf2aeae70239af4b79_small_2.jpg"" alt=""Universität Hamburg Logo"">",246,40,227,Germany,Europe,,"<a href=""/where-to-study/europe/germany/guide"" class=""guide-link"" target=""_blank"">Germany</a>",227,Universität+Hamburg,-1
294749,/universities/novosibirsk-state-university,Novosibirsk State University,"<img src=""https://www.topuniversities.com/sites/default/files/novosibirsk-state-university_462_small_0.jpg"" alt=""Novosibirsk State University Logo"">",462,39.8,231,Russia,Europe,,"<a href=""/where-to-study/europe/russia/guide"" class=""guide-link"" target=""_blank"">Russia</a>",231,Novosibirsk+State+University,-1
297283,/universities/saint-petersburg-state-university,Saint Petersburg State University,"<img src=""https://www.topuniversities.com/sites/default/files/saint-petersburg-state-university_572_small.jpg"" alt=""Saint Petersburg State University Logo"">",572,39.6,234,Russia,Europe,,"<a href=""/where-to-study/europe/russia/guide"" class=""guide-link"" target=""_blank"">Russia</a>",234,Saint+Petersburg+State+University,-1
